시도,범주,군구,관광지,위도,경도
강원특별자치도,고택/생가/민속마을,강릉시,선교장,37.7866330384388,128.885178539393
강원특별자치도,고택/생가/민속마을,춘천시,김유정문학마을,37.8183160909954,127.717737207212
강원특별자치도,고택/생가/민속마을,정선군,개미들마을,37.318952481932,128.692751075066
강원특별자치도,고택/생가/민속마을,인제군,농촌체험마을냇강마을,38.1344953332309,128.19353003442
강원특별자치도,고택/생가/민속마을,정선군,백두대간약초나라,37.5025043354517,128.90789811758
강원특별자치도,고택/생가/민속마을,인제군,농촌체험마을냇강마을,38.1344953332309,128.19353003442
강원특별자치도,고택/생가/민속마을,정선군,개미들마을,37.318952481932,128.692751075066
강원특별자치도,고택/생가/민속마을,정선군,백두대간약초나라,37.5025043354517,128.90789811758
강원특별자치도,고택/생가/민속마을,강릉시,선교장,37.7866330384388,128.885178539393
강원특별자치도,고택/생가/민속마을,춘천시,김유정문학마을,37.8183160909954,127.717737207212
강원특별자치도,고택/생가/민속마을,정선군,개미들마을,37.318952481932,128.692751075066
강원특별자치도,고택/생가/민속마을,인제군,농촌체험마을냇강마을,38.1344953332309,128.19353003442
강원특별자치도,고택/생가/민속마을,정선군,백두대간약초나라,37.5025043354517,128.90789811758
강원특별자치도,왕릉/고분,영월군,단종장릉,37.1973703190649,128.452789881696
강원특별자치도,왕릉/고분,영월군,단종장릉,37.1973703190649,128.452789881696
강원특별자치도,왕릉/고분,영월군,단종장릉,37.1973703190649,128.452789881696
강원특별자치도,유명사적/유적지,영월군,청령포,37.1762258511245,128.445676954692
강원특별자치도,유명사적/유적지,고성군,청간정,38.2643758231924,128.558371862695
강원특별자치도,유명사적/유적지,삼척시,죽서루,37.4408649747735,129.160551846578
강원특별자치도,유명사적/유적지,영월군,김삿갓유적지,37.083057211766,128.602049879969
강원특별자치도,유명사적/유적지,영월군,청령포,37.1762258511245,128.445676954692
강원특별자치도,유명사적/유적지,영월군,청령포,37.1762258511245,128.445676954692
강원특별자치도,유명사적/유적지,고성군,청간정,38.2643758231924,128.558371862695
강원특별자치도,유명사적/유적지,삼척시,죽서루,37.4408649747735,129.160551846578
강원특별자치도,유명사적/유적지,영월군,김삿갓유적지,37.083057211766,128.602049879969
강원특별자치도,유명사찰,양양군,낙산사,38.1247202908196,128.627393642103
강원특별자치도,유명사찰,고성군,화암사,38.2268309124897,128.469670155477
강원특별자치도,유명사찰,춘천시,청평사관광지,37.9867198588271,127.81808246331
강원특별자치도,유명사찰,영월군,법흥사적멸보궁,37.3757491952358,128.261876313096
강원특별자치도,유명사찰,양양군,낙산사,38.1247202908196,128.627393642103
강원특별자치도,유명사찰,양양군,낙산사,38.1247202908196,128.627393642103
강원특별자치도,유명사찰,춘천시,청평사관광지,37.9867198588271,127.81808246331
강원특별자치도,유명사찰,고성군,화암사,38.2268309124897,128.469670155477
강원특별자치도,유명사찰,춘천시,청평사관광지,37.9867198588271,127.81808246331
강원특별자치도,유명사찰,영월군,법흥사적멸보궁,37.3757491952358,128.261876313096
경기도,고택/생가/민속마을,파주시,헤이리예술마을,37.7881679434504,126.698951385541
경기도,고택/생가/민속마을,파주시,헤이리예술마을,37.7881679434504,126.698951385541
경기도,고택/생가/민속마을,여주시,명성황후생가,37.2608002386122,127.655740718357
경기도,고택/생가/민속마을,가평군,농촌체험마을,37.8478912427335,127.487647768315
경기도,고택/생가/민속마을,파주시,헤이리예술마을,37.7881679434504,126.698951385541
경기도,고택/생가/민속마을,안성시,너리굴문화마을,37.0406558593926,127.278937557945
경기도,고택/생가/민속마을,안성시,미리내마을,37.1385801693211,127.258635472944
경기도,고택/생가/민속마을,연천군,나룻배마을,38.0955269675124,127.003799088716
경기도,고택/생가/민속마을,가평군,농촌체험마을,37.8478912427335,127.487647768315
경기도,고택/생가/민속마을,안성시,미리내마을,37.1385801693211,127.258635472944
경기도,고택/생가/민속마을,안성시,너리굴문화마을,37.0406558593926,127.278937557945
경기도,고택/생가/민속마을,여주시,명성황후생가,37.2608002386122,127.655740718357
경기도,고택/생가/민속마을,연천군,나룻배마을,38.0955269675124,127.003799088716
경기도,고택/생가/민속마을,여주시,명성황후생가,37.2608002386122,127.655740718357
경기도,고택/생가/민속마을,가평군,농촌체험마을,37.8478912427335,127.487647768315
경기도,고택/생가/민속마을,안성시,너리굴문화마을,37.0406558593926,127.278937557945
경기도,고택/생가/민속마을,안성시,미리내마을,37.1385801693211,127.258635472944
경기도,고택/생가/민속마을,연천군,나룻배마을,38.0955269675124,127.003799088716
경기도,비/탑/문/각,파주시,율곡선생유적지,37.8673808802121,126.872049599181
경기도,비/탑/문/각,파주시,율곡선생유적지,37.8673808802121,126.872049599181
경기도,비/탑/문/각,파주시,율곡선생유적지,37.8673808802121,126.872049599181
경기도,성/성터,수원시,화성행궁,37.2818604356208,127.014050196057
경기도,성/성터,광주시,남한산성행궁,37.4790285462711,127.181265827995
경기도,성/성터,수원시,화성,37.2869402891264,127.011798559989
경기도,성/성터,수원시,화성행궁,37.2818604356208,127.014050196057
경기도,성/성터,수원시,화성행궁,37.2818604356208,127.014050196057
경기도,성/성터,수원시,화성,37.2869402891264,127.011798559989
경기도,성/성터,광주시,남한산성행궁,37.4790285462711,127.181265827995
경기도,성/성터,수원시,화성,37.2869402891264,127.011798559989
경기도,성/성터,광주시,남한산성행궁,37.4790285462711,127.181265827995
경기도,왕릉/고분,여주시,영릉세종대왕,37.308567896873,127.606988847985
경기도,왕릉/고분,김포시,장릉,37.772979724754,126.709469479769
경기도,왕릉/고분,남양주시,광릉,37.7508775024822,127.176478729907
경기도,왕릉/고분,연천군,신라경순왕릉,37.9906502404463,126.843617018603
경기도,왕릉/고분,여주시,영릉세종대왕,37.308567896873,127.606988847985
경기도,왕릉/고분,여주시,영릉세종대왕,37.308567896873,127.606988847985
경기도,왕릉/고분,남양주시,광릉,37.7508775024822,127.176478729907
경기도,왕릉/고분,김포시,장릉,37.772979724754,126.709469479769
경기도,왕릉/고분,김포시,장릉,37.772979724754,126.709469479769
경기도,왕릉/고분,남양주시,광릉,37.7508775024822,127.176478729907
경기도,왕릉/고분,연천군,신라경순왕릉,37.9906502404463,126.843617018603
경기도,유명사적/유적지,고양시,서오릉,37.6305821293769,126.898147838572
경기도,유명사적/유적지,화성시,융건릉,37.2112682972112,126.990474923384
경기도,유명사적/유적지,연천군,연천전곡리유적,38.0136924394662,127.062271695973
경기도,유명사적/유적지,고양시,행주산성,37.5954165009391,126.82896859673
경기도,유명사적/유적지,남양주시,정약용유적지,37.5165834970016,127.299559060056
경기도,유명사적/유적지,구리시,동구릉,37.6208762231096,127.131711248127
경기도,유명사적/유적지,안성시,미리내성지,37.1425348449242,127.258839850085
경기도,유명사적/유적지,연천군,연천호로고루,37.9861802707,126.858558375957
경기도,유명사적/유적지,남양주시,홍유릉,37.6316003563555,127.208593366336
경기도,유명사적/유적지,파주시,파주삼릉,37.7447763205705,126.833117091902
경기도,유명사적/유적지,고양시,서삼릉,37.6646589671402,126.868618256683
경기도,유명사적/유적지,파주시,황희선생유적지,37.8674360293954,126.753166256893
경기도,유명사적/유적지,연천군,숭의전지,38.0237411163997,126.973095480922
경기도,유명사적/유적지,고양시,서오릉,37.6305821293769,126.898147838572
경기도,유명사적/유적지,파주시,파주장릉,37.7730893731415,126.708404982016
경기도,유명사적/유적지,화성시,융건릉,37.2112682972112,126.990474923384
경기도,유명사적/유적지,연천군,연천당포성,38.0232138563312,126.986084367272
경기도,유명사적/유적지,시흥시,생금집,37.3505580068022,126.758391651246
경기도,유명사적/유적지,시흥시,영모재,37.3696182827238,126.817380537837
경기도,유명사적/유적지,고양시,행주산성,37.5954165009391,126.82896859673
경기도,유명사적/유적지,화성시,융건릉,37.2112682972112,126.990474923384
경기도,유명사적/유적지,안성시,안성성당,37.0111687109284,127.273866220741
경기도,유명사적/유적지,구리시,동구릉,37.6208762231096,127.131711248127
경기도,유명사적/유적지,남양주시,홍유릉,37.6316003563555,127.208593366336
경기도,유명사적/유적지,파주시,황희선생유적지,37.8674360293954,126.753166256893
경기도,유명사적/유적지,고양시,서오릉,37.6305821293769,126.898147838572
경기도,유명사적/유적지,고양시,서삼릉,37.6646589671402,126.868618256683
경기도,유명사적/유적지,파주시,파주삼릉,37.7447763205705,126.833117091902
경기도,유명사적/유적지,파주시,파주장릉,37.7730893731415,126.708404982016
경기도,유명사적/유적지,연천군,연천전곡리유적,38.0136924394662,127.062271695973
경기도,유명사적/유적지,고양시,행주산성,37.5954165009391,126.82896859673
경기도,유명사적/유적지,남양주시,정약용유적지,37.5165834970016,127.299559060056
경기도,유명사적/유적지,구리시,동구릉,37.6208762231096,127.131711248127
경기도,유명사적/유적지,안성시,미리내성지,37.1425348449242,127.258839850085
경기도,유명사적/유적지,연천군,연천호로고루,37.9861802707,126.858558375957
경기도,유명사적/유적지,남양주시,홍유릉,37.6316003563555,127.208593366336
경기도,유명사적/유적지,파주시,파주삼릉,37.7447763205705,126.833117091902
경기도,유명사적/유적지,고양시,서삼릉,37.6646589671402,126.868618256683
경기도,유명사적/유적지,파주시,황희선생유적지,37.8674360293954,126.753166256893
경기도,유명사적/유적지,연천군,숭의전지,38.0237411163997,126.973095480922
경기도,유명사적/유적지,파주시,파주장릉,37.7730893731415,126.708404982016
경기도,유명사적/유적지,연천군,연천당포성,38.0232138563312,126.986084367272
경기도,유명사적/유적지,시흥시,생금집,37.3505580068022,126.758391651246
경기도,유명사적/유적지,시흥시,영모재,37.3696182827238,126.817380537837
경기도,유명사적/유적지,안성시,안성성당,37.0111687109284,127.273866220741
경기도,유명사찰,여주시,신륵사,37.29753878,127.66153134
경기도,유명사찰,안성시,칠장사,37.0264557951204,127.397907882249
경기도,유명사찰,안성시,청룡사,36.91369349,127.28874948
경기도,유명사찰,가평군,백련사템플스테이,37.78419731,127.34985212
경기도,유명사찰,가평군,대원사템플스테이,37.8945369382546,127.502237557562
경기도,유명사찰,가평군,백련사템플스테이,37.78419731,127.34985212
경기도,유명사찰,가평군,대원사템플스테이,37.8945369382546,127.502237557562
경기도,유명사찰,여주시,신륵사,37.29753878,127.66153134
경기도,유명사찰,여주시,신륵사,37.29753878,127.66153134
경기도,유명사찰,안성시,칠장사,37.0264557951204,127.397907882249
경기도,유명사찰,안성시,청룡사,36.91369349,127.28874948
경기도,유명사찰,가평군,백련사템플스테이,37.78419731,127.34985212
경기도,유명사찰,가평군,대원사템플스테이,37.8945369382546,127.502237557562
경상남도,고택/생가/민속마을,김해시,노무현대통령생가,35.3143962760376,128.771322643201
경상남도,고택/생가/민속마을,김해시,노무현대통령생가,35.3143962760376,128.771322643201
경상남도,고택/생가/민속마을,거제시,도장포어촌체험마을,34.7429451,128.662673
경상남도,고택/생가/민속마을,거제시,김영삼전대통령생가기록전시관,34.93142391,128.71535188
경상남도,고택/생가/민속마을,거제시,다대어촌체험마을,34.7381465,128.62987553
경상남도,고택/생가/민속마을,거제시,도장포어촌체험마을,34.7429451,128.662673
경상남도,고택/생가/민속마을,거제시,김영삼전대통령생가기록전시관,34.93142391,128.71535188
경상남도,고택/생가/민속마을,거제시,이수도어촌체험마을,34.9679573,128.72501433
경상남도,고택/생가/민속마을,함양군,지곡개평한옥마을,35.56419303,127.76925335
경상남도,고택/생가/민속마을,거제시,쌍근어촌체험마을,34.76237728,128.58947699
경상남도,고택/생가/민속마을,함안군,애국지사산돌손양원목사기념관,35.3089936,128.520725
경상남도,고택/생가/민속마을,밀양시,평리산대추마을,35.4918819,128.86647325
경상남도,고택/생가/민속마을,거창군,가남정보화마을,35.81459278,128.1234589
경상남도,고택/생가/민속마을,거창군,하늘비단마을,35.68719549,128.03510903
경상남도,고택/생가/민속마을,거창군,숲옛마을,35.76665375,127.8711735
경상남도,고택/생가/민속마을,거창군,서변정보화마을,35.90338019,128.19962523
경상남도,고택/생가/민속마을,거창군,서변정보화마을,35.90338019,128.19962523
경상남도,고택/생가/민속마을,거창군,거기애사과마을,35.90665769,128.19764839
경상남도,고택/생가/민속마을,거창군,가남정보화마을,35.81459278,128.1234589
경상남도,고택/생가/민속마을,거창군,숲옛마을,35.76665375,127.8711735
경상남도,고택/생가/민속마을,거제시,다대어촌체험마을,34.7381465,128.62987553
경상남도,고택/생가/민속마을,거제시,도장포어촌체험마을,34.7429451,128.662673
경상남도,고택/생가/민속마을,거제시,쌍근어촌체험마을,34.76237728,128.58947699
경상남도,고택/생가/민속마을,거제시,이수도어촌체험마을,34.9679573,128.72501433
경상남도,고택/생가/민속마을,거창군,거기애사과마을,35.90665769,128.19764839
경상남도,고택/생가/민속마을,거창군,솔향기돌담마을,35.70272396,127.89865639
경상남도,고택/생가/민속마을,거창군,솔향기돌담마을,35.70272396,127.89865639
경상남도,고택/생가/민속마을,거창군,하늘비단마을,35.68719549,128.03510903
경상남도,고택/생가/민속마을,거제시,다대어촌체험마을,34.7381465,128.62987553
경상남도,고택/생가/민속마을,거제시,이수도어촌체험마을,34.9679573,128.72501433
경상남도,고택/생가/민속마을,함양군,지곡개평한옥마을,35.56419303,127.76925335
경상남도,고택/생가/민속마을,거제시,쌍근어촌체험마을,34.76237728,128.58947699
경상남도,고택/생가/민속마을,함안군,애국지사산돌손양원목사기념관,35.3089936,128.520725
경상남도,고택/생가/민속마을,밀양시,평리산대추마을,35.4918819,128.86647325
경상남도,고택/생가/민속마을,거창군,가남정보화마을,35.81459278,128.1234589
경상남도,고택/생가/민속마을,거창군,하늘비단마을,35.68719549,128.03510903
경상남도,고택/생가/민속마을,거창군,숲옛마을,35.76665375,127.8711735
경상남도,고택/생가/민속마을,거창군,서변정보화마을,35.90338019,128.19962523
경상남도,고택/생가/민속마을,거창군,거기애사과마을,35.90665769,128.19764839
경상남도,고택/생가/민속마을,거창군,솔향기돌담마을,35.70272396,127.89865639
경상남도,국보,통영시,통제영지세병관,34.84775719,128.42324917
경상남도,국보,통영시,통제영지세병관,34.84775719,128.42324917
경상남도,국보,통영시,통제영지세병관,34.84775719,128.42324917
경상남도,보물,김해시,대성동고분박물관,35.3015602,128.82788093
경상남도,보물,김해시,대성동고분박물관,35.3015602,128.82788093
경상남도,비/탑/문/각,의령군,충익사,35.3151338392309,128.260092732816
경상남도,비/탑/문/각,밀양시,표충비각,35.4716049,128.6510203
경상남도,비/탑/문/각,의령군,충익사,35.3151338392309,128.260092732816
경상남도,비/탑/문/각,밀양시,표충비각,35.4716049,128.6510203
경상남도,서원/향교/서당,함양군,남계서원,35.5488779,127.7834669
경상남도,서원/향교/서당,함양군,남계서원,35.5488779,127.7834669
경상남도,왕릉/고분,김해시,수로왕릉,35.23938786,128.87745621
경상남도,왕릉/고분,김해시,수로왕릉,35.23938786,128.87745621
경상남도,유명사적/유적지,진주시,진주성,35.1899440998683,128.080926274222
경상남도,유명사적/유적지,진주시,진주성,35.1899440998683,128.080926274222
경상남도,유명사적/유적지,하동군,삼성궁,35.2413561040954,127.702449548887
경상남도,유명사적/유적지,밀양시,밀양영남루,35.4915149232263,128.755092260214
경상남도,유명사적/유적지,하동군,삼성궁,35.2413561040954,127.702449548887
경상남도,유명사적/유적지,통영시,한산도제승당,34.79418477,128.47190442
경상남도,유명사적/유적지,밀양시,밀양영남루,35.4915149232263,128.755092260214
경상남도,유명사적/유적지,통합창원시,창원의집,35.24448121,128.68161195
경상남도,유명사적/유적지,양산시,임경대,35.30963899,128.54245035
경상남도,유명사적/유적지,밀양시,사명대사유적지,35.49796126,128.6037811
경상남도,유명사적/유적지,통영시,통영충렬사,34.84694581,128.41758714
경상남도,유명사적/유적지,산청군,목면시배유지,35.29005098,127.95798224
경상남도,유명사적/유적지,합천군,영암사지,35.4744664294043,128.002912654898
경상남도,유명사적/유적지,함안군,고려동유적지,35.2768585076263,128.460122886343
경상남도,유명사적/유적지,통합창원시,군항문화탐방,35.1496029,128.6589307
경상남도,유명사적/유적지,진주시,진주성,35.1899440998683,128.080926274222
경상남도,유명사적/유적지,통합창원시,창원의집,35.24448121,128.68161195
경상남도,유명사적/유적지,하동군,삼성궁,35.2413561040954,127.702449548887
경상남도,유명사적/유적지,통영시,한산도제승당,34.79418477,128.47190442
경상남도,유명사적/유적지,산청군,목면시배유지,35.29005098,127.95798224
경상남도,유명사적/유적지,통영시,한산도제승당,35.92848291,128.47190442
경상남도,유명사적/유적지,통합창원시,창원의집,35.24448121,128.68161195
경상남도,유명사적/유적지,양산시,임경대,35.30963899,128.54245035
경상남도,유명사적/유적지,밀양시,사명대사유적지,35.49796126,128.6037811
경상남도,유명사적/유적지,통영시,통영충렬사,34.84694581,128.41758714
경상남도,유명사적/유적지,산청군,목면시배유지,35.29005098,127.95798224
경상남도,유명사적/유적지,합천군,영암사지,35.4744664294043,128.002912654898
경상남도,유명사적/유적지,함안군,고려동유적지,35.2768585076263,128.460122886343
경상남도,유명사적/유적지,통합창원시,군항문화탐방,35.1496029,128.6589307
경상남도,유명사찰,양산시,통도사,35.4882859366463,129.064479599974
경상남도,유명사찰,하동군,지리산쌍계사,35.23867915,127.68359358
경상남도,유명사찰,양산시,내원사,35.4243907077912,129.104084801495
경상남도,유명사찰,양산시,통도사,35.4882859366463,129.064479599974
경상남도,유명사찰,하동군,지리산쌍계사,35.23867915,127.68359358
경상남도,유명사찰,양산시,내원사,35.4243907077912,129.104084801495
경상남도,유명사찰,밀양시,표충사,35.5536219,128.9790367
경상남도,유명사찰,밀양시,표충사,35.5536219,128.9790367
경상남도,유명사찰,양산시,홍룡사,35.3971346564543,129.086303904535
경상남도,유명사찰,밀양시,만어사,35.48048274,128.70184355
경상남도,유명사찰,양산시,통도사,35.4882859366463,129.064479599974
경상남도,유명사찰,하동군,지리산쌍계사,35.23867915,127.68359358
경상남도,유명사찰,밀양시,표충사,35.5536219,128.9790367
경상남도,유명사찰,양산시,내원사,35.4243907077912,129.104084801495
경상남도,유명사찰,양산시,홍룡사,35.3971346564543,129.086303904535
경상남도,유명사찰,밀양시,만어사,35.48048274,128.70184355
경상북도,고택/생가/민속마을,안동시,하회마을,36.54814452,128.52704222
경상북도,고택/생가/민속마을,영주시,무섬마을,36.731803006453,128.621445878864
경상북도,고택/생가/민속마을,경주시,경주양동마을,35.96890827,129.24641527
경상북도,고택/생가/민속마을,구미시,박대통령생가,36.0884298,128.3490302
경상북도,고택/생가/민속마을,안동시,하회마을,36.54814452,128.52704222
경상북도,고택/생가/민속마을,영주시,무섬마을,36.731803006453,128.621445878864
경상북도,고택/생가/민속마을,경주시,경주양동마을,35.96890827,129.24641527
경상북도,고택/생가/민속마을,구미시,박대통령생가,36.0884298,128.3490302
경상북도,고택/생가/민속마을,청송군,송소고택,36.4362086926976,129.026458233035
경상북도,고택/생가/민속마을,성주군,한개마을,35.92848291,128.32595291
경상북도,고택/생가/민속마을,고령군,예마을,35.7931359,128.2129975
경상북도,고택/생가/민속마을,영덕군,괴시리전통마을,36.54240738,129.4152135
경상북도,고택/생가/민속마을,구미시,왕산허위선생기념관,36.28835857,128.42008073
경상북도,고택/생가/민속마을,안동시,하회마을,36.54814452,128.52704222
경상북도,고택/생가/민속마을,안동시,농암종택,36.7640476591253,128.885000989493
경상북도,고택/생가/민속마을,울진군,기성리어촌체험마을,36.7966467,129.457662
경상북도,고택/생가/민속마을,고령군,개실마을,35.6678139,128.22815217
경상북도,고택/생가/민속마을,안동시,안동군자마을,36.6735279,128.8025753
경상북도,고택/생가/민속마을,포항시,덕동문화마을,36.16600505,129.18519754
경상북도,고택/생가/민속마을,경주시,경주양동마을,35.96890827,129.24641527
경상북도,고택/생가/민속마을,청송군,송소고택,36.4362086926976,129.026458233035
경상북도,고택/생가/민속마을,안동시,예움터마을,36.57148856,128.76678558
경상북도,고택/생가/민속마을,김천시,옛날솜씨마을,35.89831764,128.02232718
경상북도,고택/생가/민속마을,문경시,박열의사기념관,36.39061663,128.44790436
경상북도,고택/생가/민속마을,김천시,이화만리녹색농촌체험마을,36.07150943,128.17737995
경상북도,고택/생가/민속마을,울진군,백암온천마을,36.942951,129.38911417
경상북도,고택/생가/민속마을,고령군,신리마을,35.75006129,128.2184587
경상북도,고택/생가/민속마을,구미시,박대통령생가,36.0884298,128.3490302
경상북도,고택/생가/민속마을,고령군,개실마을,35.6678139,128.22815217
경상북도,고택/생가/민속마을,안동시,예움터마을,36.57148856,128.76678558
경상북도,고택/생가/민속마을,포항시,덕동문화마을,36.16600505,129.18519754
경상북도,고택/생가/민속마을,울진군,왕피거리고마을,36.8828603,129.2775848
경상북도,고택/생가/민속마을,성주군,한개마을,35.92848291,128.32595291
경상북도,고택/생가/민속마을,고령군,신리마을,35.75006129,128.2184587
경상북도,고택/생가/민속마을,김천시,옛날솜씨마을,35.89831764,128.02232718
경상북도,고택/생가/민속마을,청송군,송소고택,36.4362086926976,129.026458233035
경상북도,고택/생가/민속마을,김천시,이화만리녹색농촌체험마을,36.07150943,128.17737995
경상북도,고택/생가/민속마을,고령군,서우재마을,35.80045893,128.17614277
경상북도,고택/생가/민속마을,성주군,한개마을,35.92848291,128.32595291
경상북도,고택/생가/민속마을,고령군,예마을,35.7931359,128.2129975
경상북도,고택/생가/민속마을,안동시,안동군자마을,36.6735279,128.8025753
경상북도,고택/생가/민속마을,구미시,왕산허위선생기념관,36.28835857,128.42008073
경상북도,고택/생가/민속마을,고령군,산주마을,35.6681855,128.1709273
경상북도,고택/생가/민속마을,고령군,산주마을,35.6681855,128.1709273
경상북도,고택/생가/민속마을,고령군,서우재마을,35.80045893,128.17614277
경상북도,고택/생가/민속마을,울진군,기성리어촌체험마을,36.7966467,129.457662
경상북도,고택/생가/민속마을,울진군,백암온천마을,36.942951,129.38911417
경상북도,고택/생가/민속마을,울진군,왕피거리고마을,36.8828603,129.2775848
경상북도,고택/생가/민속마을,고령군,예마을,35.7931359,128.2129975
경상북도,고택/생가/민속마을,영덕군,괴시리전통마을,36.54240738,129.4152135
경상북도,고택/생가/민속마을,구미시,왕산허위선생기념관,36.28835857,128.42008073
경상북도,고택/생가/민속마을,안동시,농암종택,36.7640476591253,128.885000989493
경상북도,고택/생가/민속마을,울진군,기성리어촌체험마을,36.7966467,129.457662
경상북도,고택/생가/민속마을,고령군,개실마을,35.6678139,128.22815217
경상북도,고택/생가/민속마을,안동시,안동군자마을,36.6735279,128.8025753
경상북도,고택/생가/민속마을,포항시,덕동문화마을,36.16600505,129.18519754
경상북도,고택/생가/민속마을,안동시,예움터마을,36.57148856,128.76678558
경상북도,고택/생가/민속마을,김천시,옛날솜씨마을,35.89831764,128.02232718
경상북도,고택/생가/민속마을,문경시,박열의사기념관,36.39061663,128.44790436
경상북도,고택/생가/민속마을,김천시,이화만리녹색농촌체험마을,36.07150943,128.17737995
경상북도,고택/생가/민속마을,울진군,백암온천마을,36.942951,129.38911417
경상북도,고택/생가/민속마을,고령군,신리마을,35.75006129,128.2184587
경상북도,고택/생가/민속마을,울진군,왕피거리고마을,36.8828603,129.2775848
경상북도,고택/생가/민속마을,고령군,서우재마을,35.80045893,128.17614277
경상북도,고택/생가/민속마을,고령군,산주마을,35.6681855,128.1709273
경상북도,보물,안동시,안동임청각,36.5689578,128.7580026
경상북도,보물,안동시,안동임청각,36.5689578,128.7580026
경상북도,비/탑/문/각,성주군,세종대왕자태실,36.014532,128.2948318
경상북도,비/탑/문/각,성주군,세종대왕자태실,36.014532,128.2948318
경상북도,비/탑/문/각,경주시,무열왕릉,35.82524882,129.18800721
경상북도,비/탑/문/각,울진군,봉평신라비전시관,37.04364059,129.40925174
경상북도,비/탑/문/각,성주군,세종대왕자태실,36.014532,128.2948318
경상북도,비/탑/문/각,경주시,무열왕릉,35.82524882,129.18800721
경상북도,비/탑/문/각,울진군,봉평신라비전시관,37.04364059,129.40925174
경상북도,서원/향교/서당,안동시,도산서원,36.7271914,128.8433137
경상북도,서원/향교/서당,안동시,도산서원,36.7271914,128.8433137
경상북도,서원/향교/서당,성주군,회연서원,35.8552440389129,128.192337721126
경상북도,서원/향교/서당,영천시,임고서원,36.0166584838963,128.973231441735
경상북도,서원/향교/서당,안동시,도산서원,36.7271914,128.8433137
경상북도,서원/향교/서당,청도군,선암서원,35.6777633363928,128.891567275678
경상북도,서원/향교/서당,성주군,회연서원,35.8552440389129,128.192337721126
경상북도,서원/향교/서당,청도군,선암서원,35.6777633363928,128.891567275678
경상북도,서원/향교/서당,성주군,회연서원,35.8552440389129,128.192337721126
경상북도,서원/향교/서당,영천시,임고서원,36.0166584838963,128.973231441735
경상북도,서원/향교/서당,청도군,선암서원,35.6777633363928,128.891567275678
경상북도,성/성터,칠곡군,가산산성,36.0346033784053,128.582937388077
경상북도,성/성터,구미시,천생산성,36.1106423177717,128.457864094213
경상북도,성/성터,칠곡군,가산산성,36.0346033784053,128.582937388077
경상북도,성/성터,구미시,천생산성,36.1106423177717,128.457864094213
경상북도,성/성터,구미시,천생산성,36.1106423177717,128.457864094213
경상북도,왕릉/고분,경주시,대릉원,35.8383029,129.2128614
경상북도,왕릉/고분,경주시,대릉원,35.8383029,129.2128614
경상북도,유명사적/유적지,경주시,경주동궁과월지,35.84941932,129.22905696
경상북도,유명사적/유적지,영주시,소수서원,36.9256387196958,128.580264197252
경상북도,유명사적/유적지,경주시,경주동궁과월지,35.84941932,129.22905696
경상북도,유명사적/유적지,경주시,통일전,35.7984837106594,129.238930491158
경상북도,유명사적/유적지,영주시,소수서원,36.9256387196958,128.580264197252
경상북도,유명사적/유적지,경주시,통일전,35.7984837106594,129.238930491158
경상북도,유명사적/유적지,경주시,경주감은사지,35.82256298,129.25900082
경상북도,유명사적/유적지,안동시,만휴정,36.4104501289165,128.909850835244
경상북도,유명사적/유적지,경주시,포석정,35.89747883,128.03325576
경상북도,유명사적/유적지,경주시,김유신장군묘,35.8457162603959,129.191069870469
경상북도,유명사적/유적지,경주시,경주오릉,35.82248088,129.20855032
경상북도,유명사적/유적지,안동시,태사묘,36.5668684255389,128.731767560641
경상북도,유명사적/유적지,경주시,경주감은사지,35.82256298,129.25900082
경상북도,유명사적/유적지,안동시,만휴정,36.4104501289165,128.909850835244
경상북도,유명사적/유적지,의성군,만취당,36.42397115,128.7623359
경상북도,유명사적/유적지,경주시,통일전,35.7984837106594,129.238930491158
경상북도,유명사적/유적지,경주시,포석정,35.89747883,128.03325576
경상북도,유명사적/유적지,영주시,소수서원,36.9256387196958,128.580264197252
경상북도,유명사적/유적지,경주시,경주동궁과월지,35.84941932,129.22905696
경상북도,유명사적/유적지,경주시,김유신장군묘,35.8457162603959,129.191069870469
경상북도,유명사적/유적지,경주시,경주오릉,35.82248088,129.20855032
경상북도,유명사적/유적지,안동시,태사묘,36.5668684255389,128.731767560641
경상북도,유명사적/유적지,의성군,만취당,36.42397115,128.7623359
경상북도,유명사찰,경주시,불국사,35.7901322282969,129.331816845678
경상북도,유명사찰,경주시,석굴암,35.795419626517,129.350481705783
경상북도,유명사찰,영주시,부석사,36.9989117,128.6871083
경상북도,유명사찰,포항시,보경사,36.2524480786059,129.317840491041
경상북도,유명사찰,안동시,봉정사,36.6532989676974,128.661659945788
경상북도,유명사찰,김천시,직지사,36.1163029606425,128.004116437353
경상북도,유명사찰,포항시,오어사,35.9262200362434,129.368782141543
경상북도,유명사찰,청도군,운문사,35.6617273069761,128.960367474926
경상북도,유명사찰,의성군,고운사,36.4582667917666,128.750648496899
경상북도,유명사찰,경주시,불국사,35.7901322282969,129.331816845678
경상북도,유명사찰,영천시,은해사,35.9917409650126,128.789862988929
경상북도,유명사찰,경주시,석굴암,35.795419626517,129.350481705783
경상북도,유명사찰,영주시,부석사,36.9989117,128.6871083
경상북도,유명사찰,포항시,보경사,36.2524480786059,129.317840491041
경상북도,유명사찰,안동시,봉정사,36.6532989676974,128.661659945788
경상북도,유명사찰,김천시,직지사,36.1163029606425,128.004116437353
경상북도,유명사찰,포항시,오어사,35.9262200362434,129.368782141543
경상북도,유명사찰,청도군,운문사,35.6617273069761,128.960367474926
경상북도,유명사찰,의성군,고운사,36.4582667917666,128.750648496899
경상북도,유명사찰,영천시,은해사,35.9917409650126,128.789862988929
경상북도,유명사찰,경주시,불국사,35.7901322282969,129.331816845678
경상북도,유명사찰,경주시,분황사,35.84227517,129.20082292
경상북도,유명사찰,울진군,불영사,36.9409259592211,129.273648168989
경상북도,유명사찰,경주시,분황사,35.84227517,129.20082292
경상북도,유명사찰,울진군,불영사,36.9409259592211,129.273648168989
경상북도,유명사찰,경주시,기림사,35.8381280978558,129.403486816325
경상북도,유명사찰,경주시,석굴암,35.795419626517,129.350481705783
경상북도,유명사찰,포항시,보경사,36.2524480786059,129.317840491041
경상북도,유명사찰,포항시,오어사,35.9262200362434,129.368782141543
경상북도,유명사찰,김천시,직지사,36.1163029606425,128.004116437353
경상북도,유명사찰,의성군,대곡사,36.4901433242455,128.377164940694
경상북도,유명사찰,영주시,부석사,36.9989117,128.6871083
경상북도,유명사찰,영천시,은해사,35.9917409650126,128.789862988929
경상북도,유명사찰,안동시,봉정사,36.6532989676974,128.661659945788
경상북도,유명사찰,청도군,운문사,35.6617273069761,128.960367474926
경상북도,유명사찰,울진군,불영사,36.9409259592211,129.273648168989
경상북도,유명사찰,경주시,기림사,35.8381280978558,129.403486816325
경상북도,유명사찰,경주시,분황사,35.84227517,129.20082292
경상북도,유명사찰,경주시,기림사,35.8381280978558,129.403486816325
경상북도,유명사찰,의성군,대곡사,36.4901433242455,128.377164940694
경상북도,천연기념물,상주시,낙동승곡마을,36.3655544,128.20986059
경상북도,천연기념물,상주시,낙동승곡마을,36.3655544,128.20986059
경상북도,천연기념물,상주시,낙동승곡마을,36.3655544,128.20986059
광주광역시,고택/생가/민속마을,남구,이장우가옥,35.1404011762291,126.91446913686
광주광역시,고택/생가/민속마을,남구,이장우가옥,35.1404011762291,126.91446913686
광주광역시,서원/향교/서당,남구,포충사,35.0905835572989,126.847310021228
광주광역시,서원/향교/서당,남구,포충사,35.0905835572989,126.847310021228
광주광역시,서원/향교/서당,광산구,월봉서원빙월당,35.2356850902504,126.744921066345
광주광역시,서원/향교/서당,광산구,월봉서원빙월당,35.2356850902504,126.744921066345
광주광역시,서원/향교/서당,광산구,월봉서원빙월당,35.2356850902504,126.744921066345
광주광역시,유명사적/유적지,북구,충장사,35.1635046,126.9791348
광주광역시,유명사적/유적지,북구,충장사,35.1635046,126.9791348
대구광역시,고택/생가/민속마을,달성군,마비정,35.7787549643185,128.541614788864
대구광역시,고택/생가/민속마을,동구,대구옻골마을,35.9079802636757,128.686888341721
대구광역시,고택/생가/민속마을,달성군,마비정,35.7787549643185,128.541614788864
대구광역시,고택/생가/민속마을,동구,대구옻골마을,35.9079802636757,128.686888341721
대구광역시,고택/생가/민속마을,동구,노태우전대통령생가,35.9823962923989,128.648535769749
대구광역시,고택/생가/민속마을,달성군,남평문씨본리세거지,35.7927571486705,128.518217882205
대구광역시,고택/생가/민속마을,동구,노태우전대통령생가,35.9823962923989,128.648535769749
대구광역시,고택/생가/민속마을,달성군,남평문씨본리세거지,35.7927571486705,128.518217882205
대구광역시,서원/향교/서당,달성군,녹동서원,35.72320519,128.64633003
대구광역시,서원/향교/서당,달성군,도동서원,35.7010641331044,128.372134202604
대구광역시,서원/향교/서당,달서구,병암서원,35.8611032873137,128.520802549807
대구광역시,서원/향교/서당,달성군,녹동서원,35.72320519,128.64633003
대구광역시,서원/향교/서당,달성군,녹동서원,35.72320519,128.64633003
대구광역시,서원/향교/서당,달성군,도동서원,35.7010641331044,128.372134202604
대구광역시,서원/향교/서당,달서구,병암서원,35.8611032873137,128.520802549807
대구광역시,왕릉/고분,동구,대구불로고분군,35.9151413076601,128.646861922443
대구광역시,왕릉/고분,동구,대구불로고분군,35.9151413076601,128.646861922443
대구광역시,유명사적/유적지,동구,신숭겸장군유적지,35.942536722499,128.641663942197
대구광역시,유명사적/유적지,동구,신숭겸장군유적지,35.942536722499,128.641663942197
대구광역시,유명사적/유적지,달성군,사육신기념관,35.9086879816473,128.416903927389
대구광역시,유명사적/유적지,달서구,선사유적공원,35.8099027,128.52188531
대구광역시,유명사적/유적지,수성구,모명재,35.8583970701885,128.652227312447
대구광역시,유명사적/유적지,달성군,사육신기념관,35.9086879816473,128.416903927389
대구광역시,유명사적/유적지,달서구,선사유적공원,35.8099027,128.52188531
대구광역시,유명사적/유적지,수성구,모명재,35.8583970701885,128.652227312447
대구광역시,유명사찰,달성군,용연사,35.7478346683547,128.52016527482
대구광역시,유명사찰,달성군,용연사,35.7478346683547,128.52016527482
대구광역시,유명사찰,달성군,용연사,35.7478346683547,128.52016527482
서울특별시,고택/생가/민속마을,중구,남산골한옥마을,37.5593026809478,126.994434413338
서울특별시,고택/생가/민속마을,중구,남산골한옥마을,37.5593026809478,126.994434413338
서울특별시,고택/생가/민속마을,중구,남산골한옥마을,37.5593026809478,126.994434413338
서울특별시,궁궐/종묘,종로구,경복궁,37.5801367790217,126.976689748788
서울특별시,궁궐/종묘,중구,덕수궁,37.5660376072471,126.974547508207
서울특별시,궁궐/종묘,종로구,창덕궁,37.580838613606,126.990546678375
서울특별시,궁궐/종묘,종로구,창경궁,37.5816129325156,126.994376740716
서울특별시,궁궐/종묘,종로구,종묘,37.5744031004193,126.99438415756
서울특별시,궁궐/종묘,종로구,경복궁,37.5801367790217,126.976689748788
서울특별시,궁궐/종묘,중구,덕수궁,37.5660376072471,126.974547508207
서울특별시,궁궐/종묘,종로구,창덕궁,37.580838613606,126.990546678375
서울특별시,궁궐/종묘,종로구,창경궁,37.5816129325156,126.994376740716
서울특별시,궁궐/종묘,종로구,경복궁,37.5801367790217,126.976689748788
서울특별시,궁궐/종묘,종로구,창덕궁,37.580838613606,126.990546678375
서울특별시,궁궐/종묘,종로구,종묘,37.5744031004193,126.99438415756
서울특별시,궁궐/종묘,중구,덕수궁,37.5660376072471,126.974547508207
서울특별시,궁궐/종묘,종로구,창경궁,37.5816129325156,126.994376740716
서울특별시,궁궐/종묘,종로구,종묘,37.5744031004193,126.99438415756
서울특별시,왕릉/고분,강남구,선릉정릉,37.5090776414915,127.048939802781
서울특별시,왕릉/고분,노원구,태릉강릉조선왕릉전시관,37.6306326796013,127.097070188438
서울특별시,왕릉/고분,강남구,선릉정릉,37.5090776414915,127.048939802781
서울특별시,왕릉/고분,노원구,태릉강릉조선왕릉전시관,37.6306326796013,127.097070188438
서울특별시,왕릉/고분,서초구,헌릉인릉,37.4643173114463,127.082295746371
서울특별시,왕릉/고분,강남구,선릉정릉,37.5090776414915,127.048939802781
서울특별시,왕릉/고분,노원구,태릉강릉조선왕릉전시관,37.6306326796013,127.097070188438
서울특별시,왕릉/고분,서초구,헌릉인릉,37.4643173114463,127.082295746371
서울특별시,왕릉/고분,서초구,헌릉인릉,37.4643173114463,127.082295746371
세종특별자치시,유명사찰,세종특별자치시,영평사템플스테이,36.4736198227221,127.22783582312
세종특별자치시,유명사찰,세종특별자치시,영평사템플스테이,36.4736198227221,127.22783582312
세종특별자치시,유명사찰,세종특별자치시,영평사템플스테이,36.4736198227221,127.22783582312
울산광역시,고택/생가/민속마을,남구,장생포고래문화마을,35.5058952617101,129.383090397464
울산광역시,고택/생가/민속마을,남구,장생포고래문화마을,35.5058952617101,129.383090397464
울산광역시,고택/생가/민속마을,중구,외솔생가및기념관,35.5747514776526,129.347732805838
울산광역시,고택/생가/민속마을,중구,외솔생가및기념관,35.5747514776526,129.347732805838
울산광역시,유명사적/유적지,울주군,반구대암각화,35.6039069346567,129.17832246986
울산광역시,유명사적/유적지,울주군,반구대암각화,35.6039069346567,129.17832246986
울산광역시,유명사적/유적지,중구,울산동헌및내아,35.5583134942321,129.320074834938
울산광역시,유명사적/유적지,울주군,두동면천전리각석,35.6142437219164,129.175146415315
울산광역시,유명사적/유적지,중구,울산동헌및내아,35.5583134942321,129.320074834938
울산광역시,유명사적/유적지,울주군,두동면천전리각석,35.6142437219164,129.175146415315
울산광역시,유명사찰,울주군,석남사,35.6210309827801,129.032510761837
울산광역시,유명사찰,울주군,석남사,35.6210309827801,129.032510761837
울산광역시,유명사찰,울주군,석남사,35.6210309827801,129.032510761837
인천광역시,유명사적/유적지,강화군,강화전적지개소,37.735222343496,126.510134080095
인천광역시,유명사적/유적지,강화군,강화전적지개소,37.735222343496,126.510134080095
인천광역시,유명사적/유적지,서구,검단선사박물관,37.5944241905985,126.698706032414
인천광역시,유명사적/유적지,강화군,강화전적지개소,37.735222343496,126.510134080095
인천광역시,유명사적/유적지,서구,검단선사박물관,37.5944241905985,126.698706032414
전라남도,고택/생가/민속마을,순천시,낙안읍성민속마을,34.9072060344089,127.339482289145
전라남도,고택/생가/민속마을,곡성군,섬진강기차마을,35.2795161308026,127.307899933962
전라남도,고택/생가/민속마을,강진군,영랑생가,34.6422535060555,126.765318383959
전라남도,고택/생가/민속마을,순천시,낙안읍성민속마을,34.9072060344089,127.339482289145
전라남도,고택/생가/민속마을,곡성군,섬진강기차마을,35.2795161308026,127.307899933962
전라남도,고택/생가/민속마을,강진군,영랑생가,34.6422535060555,126.765318383959
전라남도,고택/생가/민속마을,광양시,윤동주유고보존정병욱가옥,34.9709751323102,127.759029919066
전라남도,고택/생가/민속마을,광양시,윤동주유고보존정병욱가옥,34.9709751323102,127.759029919066
전라남도,고택/생가/민속마을,신안군,김환기고택,34.7532685,126.121766
전라남도,고택/생가/민속마을,광양시,매천황현선생생가,34.9934713261316,127.56170908115
전라남도,고택/생가/민속마을,순천시,낙안읍성민속마을,34.9072060344089,127.339482289145
전라남도,고택/생가/민속마을,영광군,매간당고택,35.2410153782476,126.474550374401
전라남도,고택/생가/민속마을,곡성군,섬진강기차마을,35.2795161308026,127.307899933962
전라남도,고택/생가/민속마을,광양시,매천황현선생생가,34.9934713261316,127.56170908115
전라남도,고택/생가/민속마을,신안군,김환기고택,34.7532685,126.121766
전라남도,고택/생가/민속마을,광양시,매천황현선생생가,34.9934713261316,127.56170908115
전라남도,고택/생가/민속마을,영광군,매간당고택,35.2410153782476,126.474550374401
전라남도,국보,여수시,진남관,34.7419989034232,127.736618777627
전라남도,국보,여수시,진남관,34.7419989034232,127.736618777627
전라남도,국보,여수시,진남관,34.7419989034232,127.736618777627
전라남도,비/탑/문/각,담양군,소쇄원,35.1604581278796,126.993226274698
전라남도,비/탑/문/각,담양군,소쇄원,35.1604581278796,126.993226274698
전라남도,비/탑/문/각,광양시,김시식지,34.946851276742,127.751717212252
전라남도,비/탑/문/각,담양군,소쇄원,35.1604581278796,126.993226274698
전라남도,비/탑/문/각,광양시,김시식지,34.946851276742,127.751717212252
전라남도,비/탑/문/각,광양시,김시식지,34.946851276742,127.751717212252
전라남도,서원/향교/서당,진도군,운림산방,34.4658071201861,126.308904328295
전라남도,서원/향교/서당,진도군,운림산방,34.4658071201861,126.308904328295
전라남도,서원/향교/서당,영광군,영광향교,35.2737723871526,126.520051974941
전라남도,서원/향교/서당,영광군,내산서원,35.2140414871767,126.516934323836
전라남도,서원/향교/서당,진도군,운림산방,34.4658071201861,126.308904328295
전라남도,서원/향교/서당,영광군,영광향교,35.2737723871526,126.520051974941
전라남도,서원/향교/서당,영광군,내산서원,35.2140414871767,126.516934323836
전라남도,성/성터,담양군,금성산성,35.3826083172702,127.040105123255
전라남도,성/성터,담양군,금성산성,35.3826083172702,127.040105123255
전라남도,성/성터,진도군,남도진성,34.36419312,126.16563885
전라남도,성/성터,진도군,남도진성,34.36419312,126.16563885
전라남도,유명사적/유적지,목포시,동본원사,34.7896707611894,126.38428853616
전라남도,유명사적/유적지,해남군,우수영,34.5924834190892,126.305515334938
전라남도,유명사적/유적지,강진군,다산초당,34.5807257550817,126.745058587392
전라남도,유명사적/유적지,담양군,명옥헌원림,35.2192806883369,126.996423194501
전라남도,유명사적/유적지,나주시,금성관,35.0333329975721,126.716523151057
전라남도,유명사적/유적지,강진군,강진 고려청자 요지,34.5113281894361,126.806683979608
전라남도,유명사적/유적지,해남군,미황사달마고도,34.3881895898759,126.582393269721
전라남도,유명사적/유적지,영광군,백제불교최초도래지,35.3616099257621,126.431299309007
전라남도,유명사적/유적지,완도군,윤선도유적지,34.55126705,126.62255116
전라남도,유명사적/유적지,강진군,백운동별서정원,34.7420306874016,126.699870785877
전라남도,유명사적/유적지,해남군,고산윤선도유적지,34.5515655924803,126.623011126287
전라남도,유명사적/유적지,목포시,가톨릭목포성지,34.7996754487125,126.385913390348
전라남도,유명사적/유적지,장성군,필암서원,35.3109270229361,126.75166355586
전라남도,유명사적/유적지,완도군,장도청해진유적지,34.36248668,126.73921354
전라남도,유명사적/유적지,목포시,동본원사,34.7896707611894,126.38428853616
전라남도,유명사적/유적지,해남군,우수영,34.5924834190892,126.305515334938
전라남도,유명사적/유적지,강진군,다산초당,34.5807257550817,126.745058587392
전라남도,유명사적/유적지,담양군,명옥헌원림,35.2192806883369,126.996423194501
전라남도,유명사적/유적지,나주시,금성관,35.0333329975721,126.716523151057
전라남도,유명사적/유적지,강진군,강진 고려청자 요지,34.5113281894361,126.806683979608
전라남도,유명사적/유적지,해남군,미황사달마고도,34.3881895898759,126.582393269721
전라남도,유명사적/유적지,영광군,백제불교최초도래지,35.3616099257621,126.431299309007
전라남도,유명사적/유적지,완도군,윤선도유적지,34.55126705,126.62255116
전라남도,유명사적/유적지,강진군,백운동별서정원,34.7420306874016,126.699870785877
전라남도,유명사적/유적지,목포시,가톨릭목포성지,34.7996754487125,126.385913390348
전라남도,유명사적/유적지,장성군,필암서원,35.3109270229361,126.75166355586
전라남도,유명사적/유적지,해남군,고산윤선도유적지,34.5515655924803,126.623011126287
전라남도,유명사적/유적지,완도군,장도청해진유적지,34.36248668,126.73921354
전라남도,유명사적/유적지,강진군,전라병영성하멜표류지,34.7194705699746,126.818523592085
전라남도,유명사적/유적지,강진군,전라병영성하멜표류지,34.7194705699746,126.818523592085
전라남도,유명사적/유적지,영광군,천주교순교지,35.2727069417593,126.51316504267
전라남도,유명사적/유적지,화순군,영벽정,34.9932581665091,126.96499285888
전라남도,유명사적/유적지,완도군,고금충무사,34.4008021,126.8603411
전라남도,유명사적/유적지,구례군,운조루유물전시관,35.2052528195722,127.513639126251
전라남도,유명사적/유적지,무안군,초의선사유적지,34.8544232768166,126.416025828174
전라남도,유명사적/유적지,담양군,식영정,35.1884993558486,127.0018031416
전라남도,유명사적/유적지,나주시,나주목사내아,35.0321236151121,126.715323204228
전라남도,유명사적/유적지,화순군,정암조광조선생적려유허비,34.9932475345928,126.953464387558
전라남도,유명사적/유적지,영광군,천주교순교지,35.2727069417593,126.51316504267
전라남도,유명사적/유적지,진도군,용장성,34.5144274270925,126.337342766399
전라남도,유명사적/유적지,화순군,영벽정,34.9932581665091,126.96499285888
전라남도,유명사적/유적지,해남군,우수영,34.5924834190892,126.305515334938
전라남도,유명사적/유적지,해남군,고산윤선도유적지,34.5515655924803,126.623011126287
전라남도,유명사적/유적지,강진군,강진 고려청자 요지,34.5113281894361,126.806683979608
전라남도,유명사적/유적지,구례군,운조루유물전시관,35.2052528195722,127.513639126251
전라남도,유명사적/유적지,완도군,윤선도유적지,34.55126705,126.62255116
전라남도,유명사적/유적지,나주시,나주목사내아,35.0321236151121,126.715323204228
전라남도,유명사적/유적지,화순군,정암조광조선생적려유허비,34.9932475345928,126.953464387558
전라남도,유명사적/유적지,장성군,필암서원,35.3109270229361,126.75166355586
전라남도,유명사적/유적지,완도군,고금충무사,34.4008021,126.8603411
전라남도,유명사적/유적지,구례군,운조루유물전시관,35.2052528195722,127.513639126251
전라남도,유명사적/유적지,무안군,초의선사유적지,34.8544232768166,126.416025828174
전라남도,유명사적/유적지,담양군,식영정,35.1884993558486,127.0018031416
전라남도,유명사적/유적지,나주시,나주목사내아,35.0321236151121,126.715323204228
전라남도,유명사적/유적지,화순군,정암조광조선생적려유허비,34.9932475345928,126.953464387558
전라남도,유명사적/유적지,진도군,용장성,34.5144274270925,126.337342766399
전라남도,유명사찰,여수시,향일암,34.5915687683588,127.803826874467
전라남도,유명사찰,장성군,내장산국립공원백양사,35.4393712627141,126.883399922081
전라남도,유명사찰,순천시,선암사,34.9978819,127.3307045
전라남도,유명사찰,강진군,남미륵사,34.6531229876084,126.855465316878
전라남도,유명사찰,고흥군,쌍충사,34.5277057739544,127.132080389811
전라남도,유명사찰,곡성군,도림사,35.2672881966213,127.257519786422
전라남도,유명사찰,해남군,대흥사,34.4759562926238,126.616727921286
전라남도,유명사찰,순천시,송광사,35.002191426738,127.276167163441
전라남도,유명사찰,강진군,백련사,34.5882525,126.7482726
전라남도,유명사찰,여수시,흥국사,34.8910954,127.7035127
전라남도,유명사찰,화순군,운주사,34.9265291820943,126.880025980777
전라남도,유명사찰,영암군,도갑사,34.7529333058023,126.662551286701
전라남도,유명사찰,강진군,무위사,34.7384161448179,126.686633375928
전라남도,유명사찰,여수시,향일암,34.5915687683588,127.803826874467
전라남도,유명사찰,장성군,내장산국립공원백양사,35.4393712627141,126.883399922081
전라남도,유명사찰,순천시,선암사,34.9978819,127.3307045
전라남도,유명사찰,강진군,남미륵사,34.6531229876084,126.855465316878
전라남도,유명사찰,고흥군,쌍충사,34.5277057739544,127.132080389811
전라남도,유명사찰,곡성군,도림사,35.2672881966213,127.257519786422
전라남도,유명사찰,해남군,대흥사,34.4759562926238,126.616727921286
전라남도,유명사찰,나주시,불회사입구,34.9086994890925,126.823472613755
전라남도,유명사찰,순천시,송광사,35.002191426738,127.276167163441
전라남도,유명사찰,강진군,백련사,34.5882525,126.7482726
전라남도,유명사찰,화순군,유마사,35.0182965116817,127.171274102822
전라남도,유명사찰,영광군,원불교영산성지,35.3272825046427,126.443245447162
전라남도,유명사찰,여수시,흥국사,34.8910954,127.7035127
전라남도,유명사찰,화순군,운주사,34.9265291820943,126.880025980777
전라남도,유명사찰,영암군,도갑사,34.7529333058023,126.662551286701
전라남도,유명사찰,강진군,무위사,34.7384161448179,126.686633375928
전라남도,유명사찰,장흥군,보림사,34.8078452654458,126.896082048271
전라남도,유명사찰,나주시,불회사입구,34.9086994890925,126.823472613755
전라남도,유명사찰,곡성군,성륜사,35.2968902742094,127.120248814144
전라남도,유명사찰,화순군,유마사,35.0182965116817,127.171274102822
전라남도,유명사찰,영광군,원불교영산성지,35.3272825046427,126.443245447162
전라남도,유명사찰,장흥군,보림사,34.8078452654458,126.896082048271
전라남도,유명사찰,곡성군,성륜사,35.2968902742094,127.120248814144
전라남도,유명사찰,화순군,쌍봉사,34.8876229794345,127.060554973092
전라남도,유명사찰,화순군,쌍봉사,34.8876229794345,127.060554973092
전라남도,유명사찰,곡성군,태안사,35.1315854784711,127.387139781479
전라남도,유명사찰,곡성군,태안사,35.1315854784711,127.387139781479
전라남도,유명사찰,여수시,향일암,34.5915687683588,127.803826874467
전라남도,유명사찰,장흥군,해동사,34.747286293277,126.93823985355
전라남도,유명사찰,화순군,충의사,35.038732910192,127.010707420531
전라남도,유명사찰,순천시,송광사,35.002191426738,127.276167163441
전라남도,유명사찰,여수시,흥국사,34.8910954,127.7035127
전라남도,유명사찰,영암군,도갑사,34.7529333058023,126.662551286701
전라남도,유명사찰,순천시,선암사,34.9978819,127.3307045
전라남도,유명사찰,곡성군,도림사,35.2672881966213,127.257519786422
전라남도,유명사찰,곡성군,태안사,35.1315854784711,127.387139781479
전라남도,유명사찰,화순군,운주사,34.9265291820943,126.880025980777
전라남도,유명사찰,장흥군,해동사,34.747286293277,126.93823985355
전라남도,유명사찰,화순군,충의사,35.038732910192,127.010707420531
전라북도,고택/생가/민속마을,장수군,논개논개생가지,35.6798735775068,127.620757853265
전라북도,고택/생가/민속마을,정읍시,김명관고택,35.6161549802357,127.019962267433
전라북도,고택/생가/민속마을,장수군,논개논개생가지,35.6798735775068,127.620757853265
전라북도,고택/생가/민속마을,정읍시,김명관고택,35.6161549802357,127.019962267433
전라북도,고택/생가/민속마을,장수군,논개논개생가지,35.6798735775068,127.620757853265
전라북도,보물,남원시,광한루원,35.4038885784172,127.379785076163
전라북도,보물,남원시,광한루원,35.4038885784172,127.379785076163
전라북도,보물,정읍시,피향정,35.6513638580561,126.942970382655
전라북도,보물,남원시,광한루원,35.4038885784172,127.379785076163
전라북도,보물,정읍시,피향정,35.6513638580561,126.942970382655
전라북도,유명사적/유적지,고창군,고창읍성,35.4295291768605,126.704891374825
전라북도,유명사적/유적지,전주시,경기전,35.8151026600081,127.149826656107
전라북도,유명사적/유적지,익산시,미륵사지,36.01237074,127.03126469
전라북도,유명사적/유적지,고창군,고창고인돌유적,35.4473612570264,126.646968865969
전라북도,유명사적/유적지,익산시,백제왕궁박물관,35.9711574037348,127.055744949127
전라북도,유명사적/유적지,장수군,논개의암사논개사당,35.6440540929954,127.522679086582
전라북도,유명사적/유적지,익산시,원불교익산성지,35.9716478917099,126.953193576334
전라북도,유명사적/유적지,남원시,실상사,35.4166533960502,127.635149286599
전라북도,유명사적/유적지,고창군,무장읍성,35.4180353424252,126.557639127953
전라북도,유명사적/유적지,무주군,적상산사고지,35.9484856199889,127.694617237851
전라북도,유명사적/유적지,정읍시,무성서원,35.6018330883181,126.983750792063
전라북도,유명사적/유적지,고창군,고창읍성,35.4295291768605,126.704891374825
전라북도,유명사적/유적지,전주시,경기전,35.8151026600081,127.149826656107
전라북도,유명사적/유적지,익산시,미륵사지,36.01237074,127.03126469
전라북도,유명사적/유적지,고창군,고창고인돌유적,35.4473612570264,126.646968865969
전라북도,유명사적/유적지,순창군,훈몽재,35.4722605446937,126.968480016973
전라북도,유명사적/유적지,익산시,백제왕궁박물관,35.9711574037348,127.055744949127
전라북도,유명사적/유적지,장수군,논개의암사논개사당,35.6440540929954,127.522679086582
전라북도,유명사적/유적지,무주군,무주향교,36.0083656555805,127.666013631636
전라북도,유명사적/유적지,익산시,원불교익산성지,35.9716478917099,126.953193576334
전라북도,유명사적/유적지,남원시,실상사,35.4166533960502,127.635149286599
전라북도,유명사적/유적지,고창군,무장읍성,35.4180353424252,126.557639127953
전라북도,유명사적/유적지,무주군,적상산사고지,35.9484856199889,127.694617237851
전라북도,유명사적/유적지,전주시,경기전,35.8151026600081,127.149826656107
전라북도,유명사적/유적지,정읍시,무성서원,35.6018330883181,126.983750792063
전라북도,유명사적/유적지,순창군,훈몽재,35.4722605446937,126.968480016973
전라북도,유명사적/유적지,무주군,무주향교,36.0083656555805,127.666013631636
전라북도,유명사적/유적지,고창군,고창읍성,35.4295291768605,126.704891374825
전라북도,유명사적/유적지,익산시,백제왕궁박물관,35.9711574037348,127.055744949127
전라북도,유명사적/유적지,익산시,미륵사지,36.01237074,127.03126469
전라북도,유명사적/유적지,남원시,실상사,35.4166533960502,127.635149286599
전라북도,유명사적/유적지,고창군,고창고인돌유적,35.4473612570264,126.646968865969
전라북도,유명사적/유적지,무주군,무주향교,36.0083656555805,127.666013631636
전라북도,유명사적/유적지,무주군,적상산사고지,35.9484856199889,127.694617237851
전라북도,유명사적/유적지,정읍시,무성서원,35.6018330883181,126.983750792063
전라북도,유명사적/유적지,고창군,무장읍성,35.4180353424252,126.557639127953
전라북도,유명사적/유적지,순창군,훈몽재,35.4722605446937,126.968480016973
전라북도,유명사찰,부안군,변산반도국립공원개암사,35.6624517280564,126.649597293104
전라북도,유명사찰,부안군,변산반도국립공원개암사,35.6624517280564,126.649597293104
전라북도,유명사찰,임실군,소충사,35.6216893533891,127.347164396395
전라북도,유명사찰,임실군,소충사,35.6216893533891,127.347164396395
전라북도,천연기념물,남원시,만인의총,35.420802673988,127.377278282254
전라북도,천연기념물,남원시,만인의총,35.420802673988,127.377278282254
전라북도,천연기념물,남원시,만인의총,35.420802673988,127.377278282254
제주특별자치도,비/탑/문/각,서귀포시,제주추사관,33.2499082,126.2783243
제주특별자치도,비/탑/문/각,서귀포시,제주추사관,33.2499082,126.2783243
제주특별자치도,비/탑/문/각,서귀포시,제주추사관,33.2499082,126.2783243
제주특별자치도,유명사적/유적지,제주시,제주목관아지,33.5140846237413,126.522129072609
제주특별자치도,유명사적/유적지,제주시,항몽유적지,33.4526841557902,126.407947576072
제주특별자치도,유명사적/유적지,제주시,삼양선사유적지,33.5233383099473,126.587666168538
제주특별자치도,유명사적/유적지,제주시,제주목관아지,33.5140846237413,126.522129072609
제주특별자치도,유명사적/유적지,제주시,항몽유적지,33.4526841557902,126.407947576072
제주특별자치도,유명사적/유적지,제주시,삼양선사유적지,33.5233383099473,126.587666168538
제주특별자치도,유명사적/유적지,제주시,제주목관아지,33.5140846237413,126.522129072609
제주특별자치도,유명사적/유적지,제주시,항몽유적지,33.4526841557902,126.407947576072
제주특별자치도,유명사적/유적지,제주시,삼양선사유적지,33.5233383099473,126.587666168538
충청남도,고택/생가/민속마을,아산시,아산외암마을,36.730218039942,127.016619058163
충청남도,고택/생가/민속마을,예산군,내포보부상촌,36.6911886701495,126.65009149683
충청남도,고택/생가/민속마을,천안시,유관순열사생가,36.7574593382291,127.316924816703
충청남도,고택/생가/민속마을,공주시,공주한옥마을,36.4645418238834,127.108755864392
충청남도,고택/생가/민속마을,홍성군,김좌진장군생가,36.5975921677195,126.546957000176
충청남도,고택/생가/민속마을,태안군,이종일생가지,36.8317599669741,126.240565387022
충청남도,고택/생가/민속마을,논산시,논산명재고택,36.2822291834206,127.131179156649
충청남도,고택/생가/민속마을,홍성군,한용운선생생가,36.5628636544598,126.553884664148
충청남도,고택/생가/민속마을,청양군,모덕사,36.4462208787544,127.007660088071
충청남도,고택/생가/민속마을,홍성군,거북이마을,36.5705938507377,126.609964968451
충청남도,고택/생가/민속마을,아산시,맹씨행단,36.7464658677253,127.041749557236
충청남도,고택/생가/민속마을,아산시,아산외암마을,36.730218039942,127.016619058163
충청남도,고택/생가/민속마을,예산군,내포보부상촌,36.6911886701495,126.65009149683
충청남도,고택/생가/민속마을,부여군,부여기와마을,36.3039943156163,126.937105016625
충청남도,고택/생가/민속마을,홍성군,문당환경농업마을,36.5352900409672,126.702450169201
충청남도,고택/생가/민속마을,천안시,유관순열사생가,36.7574593382291,127.316924816703
충청남도,고택/생가/민속마을,공주시,공주한옥마을,36.4645418238834,127.108755864392
충청남도,고택/생가/민속마을,청양군,청양고추문화마을,36.4392430145744,126.779522581472
충청남도,고택/생가/민속마을,홍성군,김좌진장군생가,36.5975921677195,126.546957000176
충청남도,고택/생가/민속마을,태안군,이종일생가지,36.8317599669741,126.240565387022
충청남도,고택/생가/민속마을,논산시,논산명재고택,36.2822291834206,127.131179156649
충청남도,고택/생가/민속마을,홍성군,한용운선생생가,36.5628636544598,126.553884664148
충청남도,고택/생가/민속마을,계룡시,사계고택,36.2656047198058,127.271568211955
충청남도,고택/생가/민속마을,청양군,모덕사,36.4462208787544,127.007660088071
충청남도,고택/생가/민속마을,아산시,윤보선전대통령생가,36.8972701815792,127.018422264794
충청남도,고택/생가/민속마을,홍성군,거북이마을,36.5705938507377,126.609964968451
충청남도,고택/생가/민속마을,아산시,맹씨행단,36.7464658677253,127.041749557236
충청남도,고택/생가/민속마을,부여군,부여기와마을,36.3039943156163,126.937105016625
충청남도,고택/생가/민속마을,홍성군,문당환경농업마을,36.5352900409672,126.702450169201
충청남도,고택/생가/민속마을,아산시,아산외암마을,36.730218039942,127.016619058163
충청남도,고택/생가/민속마을,청양군,청양고추문화마을,36.4392430145744,126.779522581472
충청남도,고택/생가/민속마을,계룡시,사계고택,36.2656047198058,127.271568211955
충청남도,고택/생가/민속마을,아산시,윤보선전대통령생가,36.8972701815792,127.018422264794
충청남도,고택/생가/민속마을,공주시,공주한옥마을,36.4645418238834,127.108755864392
충청남도,고택/생가/민속마을,논산시,논산명재고택,36.2822291834206,127.131179156649
충청남도,고택/생가/민속마을,부여군,부여기와마을,36.3039943156163,126.937105016625
충청남도,고택/생가/민속마을,홍성군,문당환경농업마을,36.5352900409672,126.702450169201
충청남도,고택/생가/민속마을,홍성군,거북이마을,36.5705938507377,126.609964968451
충청남도,고택/생가/민속마을,청양군,청양고추문화마을,36.4392430145744,126.779522581472
충청남도,서원/향교/서당,논산시,돈암서원,36.2090735208139,127.180673896625
충청남도,서원/향교/서당,서천군,문헌서원,36.0917087925965,126.785470338343
충청남도,서원/향교/서당,논산시,돈암서원,36.2090735208139,127.180673896625
충청남도,서원/향교/서당,서천군,문헌서원,36.0917087925965,126.785470338343
충청남도,성/성터,공주시,공산성,36.4641284406394,127.126345347346
충청남도,성/성터,공주시,공산성,36.4641284406394,127.126345347346
충청남도,성/성터,공주시,공산성,36.4641284406394,127.126345347346
충청남도,왕릉/고분,공주시,공주무령왕릉과왕릉원,36.4630248604462,127.11438499653
충청남도,왕릉/고분,부여군,능산리고분군왕릉,36.2770087373923,126.942683318903
충청남도,왕릉/고분,공주시,공주무령왕릉과왕릉원,36.4630248604462,127.11438499653
충청남도,왕릉/고분,부여군,능산리고분군왕릉,36.2770087373923,126.942683318903
충청남도,왕릉/고분,공주시,공주무령왕릉과왕릉원,36.4630248604462,127.11438499653
충청남도,왕릉/고분,부여군,능산리고분군왕릉,36.2770087373923,126.942683318903
충청남도,유명사적/유적지,아산시,현충사,36.8067774643892,127.032442831065
충청남도,유명사적/유적지,부여군,부소산성,36.2902292128549,126.915841991015
충청남도,유명사적/유적지,부여군,정림사지,36.2794048626733,126.914064178982
충청남도,유명사적/유적지,공주시,황새바위성지,36.4636231263121,127.119889013315
충청남도,유명사적/유적지,아산시,공세리성당,36.8833974111824,126.91407490752
충청남도,유명사적/유적지,부여군,무량사,36.3176416,126.6929974
충청남도,유명사적/유적지,보령시,충청수영성,36.4395990406252,126.52279946149
충청남도,유명사적/유적지,금산군,칠백의총,36.1302480663586,127.492659635783
충청남도,유명사적/유적지,청양군,다락골줄무덤,36.4422159668719,126.691644065726
충청남도,유명사적/유적지,천안시,유관순열사사적지,36.7596481280915,127.307824357599
충청남도,유명사적/유적지,서산시,서산용현리마애여래삼존상,36.7738518403968,126.605176901399
충청남도,유명사적/유적지,공주시,수리치골성지,36.5192494148279,126.895245347951
충청남도,유명사적/유적지,서산시,해미순교성지,36.7128626885927,126.537752507307
충청남도,유명사적/유적지,아산시,현충사,36.8067774643892,127.032442831065
충청남도,유명사적/유적지,부여군,부소산성,36.2902292128549,126.915841991015
충청남도,유명사적/유적지,부여군,정림사지,36.2794048626733,126.914064178982
충청남도,유명사적/유적지,공주시,황새바위성지,36.4636231263121,127.119889013315
충청남도,유명사적/유적지,아산시,공세리성당,36.8833974111824,126.91407490752
충청남도,유명사적/유적지,부여군,무량사,36.3176416,126.6929974
충청남도,유명사적/유적지,보령시,충청수영성,36.4395990406252,126.52279946149
충청남도,유명사적/유적지,금산군,칠백의총,36.1302480663586,127.492659635783
충청남도,유명사적/유적지,청양군,다락골줄무덤,36.4422159668719,126.691644065726
충청남도,유명사적/유적지,천안시,유관순열사사적지,36.7596481280915,127.307824357599
충청남도,유명사적/유적지,부여군,홍산동헌,36.2145352617173,126.755107188188
충청남도,유명사적/유적지,서산시,서산용현리마애여래삼존상,36.7738518403968,126.605176901399
충청남도,유명사적/유적지,공주시,수리치골성지,36.5192494148279,126.895245347951
충청남도,유명사적/유적지,서산시,해미순교성지,36.7128626885927,126.537752507307
충청남도,유명사적/유적지,부여군,홍산동헌,36.2145352617173,126.755107188188
충청남도,유명사적/유적지,부여군,부소산성,36.2902292128549,126.915841991015
충청남도,유명사적/유적지,부여군,정림사지,36.2794048626733,126.914064178982
충청남도,유명사적/유적지,부여군,송국리유적,36.2642147651615,127.030964154626
충청남도,유명사적/유적지,금산군,칠백의총,36.1302480663586,127.492659635783
충청남도,유명사적/유적지,부여군,무량사,36.3176416,126.6929974
충청남도,유명사적/유적지,부여군,송국리유적,36.2642147651615,127.030964154626
충청남도,유명사찰,서산시,간월암,36.6036699987523,126.411161835721
충청남도,유명사찰,예산군,수덕사,36.662978842513,126.622670227531
충청남도,유명사찰,공주시,마곡사,36.5589937290541,127.011882084998
충청남도,유명사찰,서산시,개심사,36.746872506471,126.590397292452
충청남도,유명사찰,천안시,각원사,36.8340760435058,127.197011901198
충청남도,유명사찰,논산시,관촉사,36.1881657569806,127.113196787809
충청남도,유명사찰,청양군,장곡사,36.4171349988168,126.860085511099
충청남도,유명사찰,서산시,문수사,36.77881826,126.58958899
충청남도,유명사찰,금산군,금산보석사,36.0542501054466,127.475840131597
충청남도,유명사찰,예산군,향천사,36.6901300871617,126.860811482073
충청남도,유명사찰,서산시,부석사,36.704157,126.412523
충청남도,유명사찰,서산시,간월암,36.6036699987523,126.411161835721
충청남도,유명사찰,예산군,수덕사,36.662978842513,126.622670227531
충청남도,유명사찰,공주시,마곡사,36.5589937290541,127.011882084998
충청남도,유명사찰,서산시,개심사,36.746872506471,126.590397292452
충청남도,유명사찰,천안시,각원사,36.8340760435058,127.197011901198
충청남도,유명사찰,논산시,관촉사,36.1881657569806,127.113196787809
충청남도,유명사찰,청양군,장곡사,36.4171349988168,126.860085511099
충청남도,유명사찰,서산시,문수사,36.77881826,126.58958899
충청남도,유명사찰,금산군,금산보석사,36.0542501054466,127.475840131597
충청남도,유명사찰,예산군,향천사,36.6901300871617,126.860811482073
충청남도,유명사찰,서산시,부석사,36.704157,126.412523
충청남도,유명사찰,공주시,마곡사,36.5589937290541,127.011882084998
충청남도,유명사찰,논산시,관촉사,36.1881657569806,127.113196787809
충청북도,고택/생가/민속마을,옥천군,육영수생가,36.31804202465,127.587460770828
충청북도,고택/생가/민속마을,보은군,선병국가옥,36.4686123791791,127.789865081335
충청북도,고택/생가/민속마을,진천군,김유신장군탄생지,36.8402764014259,127.37548898033
충청북도,고택/생가/민속마을,옥천군,육영수생가,36.31804202465,127.587460770828
충청북도,고택/생가/민속마을,보은군,선병국가옥,36.4686123791791,127.789865081335
충청북도,고택/생가/민속마을,진천군,김유신장군탄생지,36.8402764014259,127.37548898033
충청북도,고택/생가/민속마을,보은군,선병국가옥,36.4686123791791,127.789865081335
충청북도,유명사적/유적지,제천시,배론성지,37.1606540096257,128.082472214324
충청북도,유명사적/유적지,충주시,탄금대,36.9888858157124,127.898290959387
충청북도,유명사적/유적지,보은군,동학농민혁명기념공원,36.5147214,127.7585782
충청북도,유명사적/유적지,보은군,삼년산성,36.4887674899169,127.742528279709
충청북도,유명사적/유적지,충주시,임충민공충렬사,36.9461780135158,127.90516998815
충청북도,유명사적/유적지,진천군,길상사,36.8532780896441,127.422860109364
충청북도,유명사적/유적지,제천시,배론성지,37.1606540096257,128.082472214324
충청북도,유명사적/유적지,충주시,탄금대,36.9888858157124,127.898290959387
충청북도,유명사적/유적지,보은군,동학농민혁명기념공원,36.5147214,127.7585782
충청북도,유명사적/유적지,보은군,삼년산성,36.4887674899169,127.742528279709
충청북도,유명사적/유적지,충주시,임충민공충렬사,36.9461780135158,127.90516998815
충청북도,유명사적/유적지,진천군,길상사,36.8532780896441,127.422860109364
충청북도,유명사적/유적지,보은군,삼년산성,36.4887674899169,127.742528279709
충청북도,유명사적/유적지,보은군,동학농민혁명기념공원,36.5147214,127.7585782
충청북도,유명사찰,단양군,구인사,37.0311764886656,128.480073183478
충청북도,유명사찰,제천시,정방사,36.99904814,128.20750956
충청북도,유명사찰,영동군,반야사,36.2805528630557,127.909158032544
충청북도,유명사찰,옥천군,용암사,36.2595930602118,127.564128744387
충청북도,유명사찰,단양군,구인사,37.0311764886656,128.480073183478
충청북도,유명사찰,제천시,정방사,36.99904814,128.20750956
충청북도,유명사찰,영동군,반야사,36.2805528630557,127.909158032544
충청북도,유명사찰,옥천군,용암사,36.2595930602118,127.564128744387
충청북도,유명사찰,단양군,구인사,37.0311764886656,128.480073183478
